yearcode,region,regionname,tenure2,tenurename,poverty,povertyname,ten4s
2018,1,London,1,Owner occupier,0,Not poor,59.0194829758342
2017,1,London,1,Owner occupier,0,Not poor,59.7524096859688
2016,1,London,1,Owner occupier,0,Not poor,60.6713761998406
2015,1,London,1,Owner occupier,0,Not poor,59.8151853029646
2014,1,London,1,Owner occupier,0,Not poor,58.3045045567146
2013,1,London,1,Owner occupier,0,Not poor,58.9961617064863
2012,1,London,1,Owner occupier,0,Not poor,62.7013201944642
2011,1,London,1,Owner occupier,0,Not poor,66.106601696998
2010,1,London,1,Owner occupier,0,Not poor,66.3410384387178
2009,1,London,1,Owner occupier,0,Not poor,66.2645266077022
2008,1,London,1,Owner occupier,0,Not poor,67.449728372399
2007,1,London,1,Owner occupier,0,Not poor,68.6425375552163
2006,1,London,1,Owner occupier,0,Not poor,70.2377372692088
2005,1,London,1,Owner occupier,0,Not poor,72.5485017570105
2004,1,London,1,Owner occupier,0,Not poor,74.6065783315741
2003,1,London,1,Owner occupier,0,Not poor,74.9572990298548
2002,1,London,1,Owner occupier,0,Not poor,74.3911425570904
2001,1,London,1,Owner occupier,0,Not poor,75.0742748347835
2000,1,London,1,Owner occupier,0,Not poor,76.5460202765613
1999,1,London,1,Owner occupier,0,Not poor,77.0096149810491
1998,1,London,1,Owner occupier,0,Not poor,77.6631110690821
1997,1,London,1,Owner occupier,0,Not poor,78.8392507839733
1996,1,London,1,Owner occupier,0,Not poor,77.5866406842655
1995,1,London,1,Owner occupier,0,Not poor,75.7975193987723
1994,1,London,1,Owner occupier,0,Not poor,75.5898878058883
2018,1,London,2,Social rent,0,Not poor,17.7866150812991
2017,1,London,2,Social rent,0,Not poor,17.7157796708573
2016,1,London,2,Social rent,0,Not poor,18.6390889099716
2015,1,London,2,Social rent,0,Not poor,20.4302860812111
2014,1,London,2,Social rent,0,Not poor,20.8306773937156
2013,1,London,2,Social rent,0,Not poor,19.3623760602425
2012,1,London,2,Social rent,0,Not poor,17.1154142233473
2011,1,London,2,Social rent,0,Not poor,15.9455788234167
2010,1,London,2,Social rent,0,Not poor,17.210083028642
2009,1,London,2,Social rent,0,Not poor,19.0473636072216
2008,1,London,2,Social rent,0,Not poor,19.6338102345359
2007,1,London,2,Social rent,0,Not poor,19.766606197489
2006,1,London,2,Social rent,0,Not poor,19.3623066306738
2005,1,London,2,Social rent,0,Not poor,18.0582336404554
2004,1,London,2,Social rent,0,Not poor,16.5621982362851
2003,1,London,2,Social rent,0,Not poor,16.5240802831602
2002,1,London,2,Social rent,0,Not poor,18.0939326904044
2001,1,London,2,Social rent,0,Not poor,18.5556046383113
2000,1,London,2,Social rent,0,Not poor,17.8410954075384
1999,1,London,2,Social rent,0,Not poor,18.0387607915836
1998,1,London,2,Social rent,0,Not poor,17.3486966152676
1997,1,London,2,Social rent,0,Not poor,15.8927794419838
1996,1,London,2,Social rent,0,Not poor,16.6305024108643
1995,1,London,2,Social rent,0,Not poor,17.9365602419275
1994,1,London,2,Social rent,0,Not poor,18.2257923119288
2018,1,London,3,Private rent,0,Not poor,22.8828451114445
2017,1,London,3,Private rent,0,Not poor,21.8218358801924
2016,1,London,3,Private rent,0,Not poor,19.5320703875733
2015,1,London,3,Private rent,0,Not poor,19.1029386524064
2014,1,London,3,Private rent,0,Not poor,20.816246241496
2013,1,London,3,Private rent,0,Not poor,21.5870837625322
2012,1,London,3,Private rent,0,Not poor,20.0033452323005
2011,1,London,3,Private rent,0,Not poor,17.5291466726368
2010,1,London,3,Private rent,0,Not poor,15.7235076006477
2009,1,London,3,Private rent,0,Not poor,13.9828132157809
2008,1,London,3,Private rent,0,Not poor,12.3991661232017
2007,1,London,3,Private rent,0,Not poor,10.974593685695
2006,1,London,3,Private rent,0,Not poor,9.7341168232468
2005,1,London,3,Private rent,0,Not poor,8.8058360223701
2004,1,London,3,Private rent,0,Not poor,8.07167178251381
2003,1,London,3,Private rent,0,Not poor,7.31371334581483
2002,1,London,3,Private rent,0,Not poor,6.06637329498911
2001,1,London,3,Private rent,0,Not poor,5.11353439869777
2000,1,London,3,Private rent,0,Not poor,4.54855560010743
1999,1,London,3,Private rent,0,Not poor,3.85736264384584
1998,1,London,3,Private rent,0,Not poor,3.80407767173708
1997,1,London,3,Private rent,0,Not poor,4.17675517642928
1996,1,London,3,Private rent,0,Not poor,4.36524058151643
1995,1,London,3,Private rent,0,Not poor,4.42208556130291
1994,1,London,3,Private rent,0,Not poor,4.36381024530455
2018,1,London,4,Rent free,0,Not poor,1.41994952596302
2016,1,London,4,Rent free,0,Not poor,1.31299291832565
2015,1,London,4,Rent free,0,Not poor,.705968434156906
2012,1,London,4,Rent free,0,Not poor,.228492157961741
2011,1,London,4,Rent free,0,Not poor,.418672806948457
2010,1,London,4,Rent free,0,Not poor,.725370931992424
2009,1,London,4,Rent free,0,Not poor,.705296569295394
2008,1,London,4,Rent free,0,Not poor,.517295269863391
2007,1,London,4,Rent free,0,Not poor,.616262561599639
2006,1,London,4,Rent free,0,Not poor,.665839276870573
2005,1,London,4,Rent free,0,Not poor,.587428580164024
2004,1,London,4,Rent free,0,Not poor,.759551649626975
2003,1,London,4,Rent free,0,Not poor,1.20490734117017
2002,1,London,4,Rent free,0,Not poor,1.44855145751603
2001,1,London,4,Rent free,0,Not poor,1.2565861282074
2000,1,London,4,Rent free,0,Not poor,1.06432871579289
1999,1,London,4,Rent free,0,Not poor,1.09426158352145
1998,1,London,4,Rent free,0,Not poor,1.18411464391326
1997,1,London,4,Rent free,0,Not poor,1.09121459761363
1996,1,London,4,Rent free,0,Not poor,1.41761632335381
1995,1,London,4,Rent free,0,Not poor,1.84383479799731
1994,1,London,4,Rent free,0,Not poor,1.82050963687832
2018,2,South,1,Owner occupier,0,Not poor,72.2600594011921
2017,2,South,1,Owner occupier,0,Not poor,71.2326282592814
2016,2,South,1,Owner occupier,0,Not poor,69.2205195696148
2015,2,South,1,Owner occupier,0,Not poor,69.2444772332966
2014,2,South,1,Owner occupier,0,Not poor,71.6825518727453
2013,2,South,1,Owner occupier,0,Not poor,73.108014612832
2012,2,South,1,Owner occupier,0,Not poor,72.795037164963
2011,2,South,1,Owner occupier,0,Not poor,72.9326857793497
2010,2,South,1,Owner occupier,0,Not poor,73.9854720012559
2009,2,South,1,Owner occupier,0,Not poor,75.6805848003853
2008,2,South,1,Owner occupier,0,Not poor,77.8736280815282
2007,2,South,1,Owner occupier,0,Not poor,79.249056414853
2006,2,South,1,Owner occupier,0,Not poor,79.4856222258938
2005,2,South,1,Owner occupier,0,Not poor,79.5923262261597
2004,2,South,1,Owner occupier,0,Not poor,79.6371679677085
2003,2,South,1,Owner occupier,0,Not poor,80.3619824160676
2002,2,South,1,Owner occupier,0,Not poor,82.3258244163158
2001,2,South,1,Owner occupier,0,Not poor,83.6871226984018
2000,2,South,1,Owner occupier,0,Not poor,84.1493284285433
1999,2,South,1,Owner occupier,0,Not poor,84.2751144810146
1998,2,South,1,Owner occupier,0,Not poor,84.4478342983878
1997,2,South,1,Owner occupier,0,Not poor,84.7954865863195
1996,2,South,1,Owner occupier,0,Not poor,84.3229735099824
1995,2,South,1,Owner occupier,0,Not poor,83.5383231012391
1994,2,South,1,Owner occupier,0,Not poor,83.2836267433304
2018,2,South,2,Social rent,0,Not poor,11.7413937499785
2017,2,South,2,Social rent,0,Not poor,11.92122184168
2016,2,South,2,Social rent,0,Not poor,12.6701797155503
2015,2,South,2,Social rent,0,Not poor,12.9172337390271
2014,2,South,2,Social rent,0,Not poor,11.9654826369699
2013,2,South,2,Social rent,0,Not poor,11.5614685426476
2012,2,South,2,Social rent,0,Not poor,11.8216146333889
2011,2,South,2,Social rent,0,Not poor,11.8948951353975
2010,2,South,2,Social rent,0,Not poor,11.7743108106251
2009,2,South,2,Social rent,0,Not poor,11.4653806304965
2008,2,South,2,Social rent,0,Not poor,11.1413885377443
2007,2,South,2,Social rent,0,Not poor,10.769577111651
2006,2,South,2,Social rent,0,Not poor,10.5076000585971
2005,2,South,2,Social rent,0,Not poor,10.7897743889606
2004,2,South,2,Social rent,0,Not poor,11.482999858485
2003,2,South,2,Social rent,0,Not poor,11.4244134116703
2002,2,South,2,Social rent,0,Not poor,10.4914201976707
2001,2,South,2,Social rent,0,Not poor,9.59082761690004
2000,2,South,2,Social rent,0,Not poor,9.13060316017512
1999,2,South,2,Social rent,0,Not poor,9.39972929440432
1998,2,South,2,Social rent,0,Not poor,9.76171699577834
1997,2,South,2,Social rent,0,Not poor,9.58584351329077
1996,2,South,2,Social rent,0,Not poor,9.80205352489604
1995,2,South,2,Social rent,0,Not poor,10.4704327126207
1994,2,South,2,Social rent,0,Not poor,10.7414618677525
2018,2,South,3,Private rent,0,Not poor,15.2457466869901
2017,2,South,3,Private rent,0,Not poor,16.2517015975637
2016,2,South,3,Private rent,0,Not poor,17.7660269824456
2015,2,South,3,Private rent,0,Not poor,17.4098710618814
2014,2,South,3,Private rent,0,Not poor,15.6627639885685
2013,2,South,3,Private rent,0,Not poor,14.6224232147515
2012,2,South,3,Private rent,0,Not poor,14.5557727472393
2011,2,South,3,Private rent,0,Not poor,14.041368962649
2010,2,South,3,Private rent,0,Not poor,13.1174655974638
2009,2,South,3,Private rent,0,Not poor,12.081177853861
2008,2,South,3,Private rent,0,Not poor,10.3552202748597
2007,2,South,3,Private rent,0,Not poor,9.27822890783791
2006,2,South,3,Private rent,0,Not poor,9.33756013448583
2005,2,South,3,Private rent,0,Not poor,8.74897827138724
2004,2,South,3,Private rent,0,Not poor,7.70505531369113
2003,2,South,3,Private rent,0,Not poor,7.01088922697655
2002,2,South,3,Private rent,0,Not poor,6.05634778547836
2001,2,South,3,Private rent,0,Not poor,5.66443428176889
2000,2,South,3,Private rent,0,Not poor,5.66108426298337
1999,2,South,3,Private rent,0,Not poor,5.22320305916945
1998,2,South,3,Private rent,0,Not poor,4.72230773875136
1997,2,South,3,Private rent,0,Not poor,4.44426947619143
1996,2,South,3,Private rent,0,Not poor,4.41966383045299
1995,2,South,3,Private rent,0,Not poor,4.2425306693035
1994,2,South,3,Private rent,0,Not poor,4.07386916685329
2018,2,South,4,Rent free,0,Not poor,.752800161839322
2017,2,South,4,Rent free,0,Not poor,.594448301474939
2016,2,South,4,Rent free,0,Not poor,.343273732389284
2015,2,South,4,Rent free,0,Not poor,.428417965794962
2014,2,South,4,Rent free,0,Not poor,.68920150171628
2013,2,South,4,Rent free,0,Not poor,.70809362976884
2012,2,South,4,Rent free,0,Not poor,.827575454408814
2011,2,South,4,Rent free,0,Not poor,1.13105012260383
2010,2,South,4,Rent free,0,Not poor,1.12275159065523
2009,2,South,4,Rent free,0,Not poor,.77285671525731
2008,2,South,4,Rent free,0,Not poor,.629763105867803
2007,2,South,4,Rent free,0,Not poor,.703137565658097
2006,2,South,4,Rent free,0,Not poor,.669217581023208
2005,2,South,4,Rent free,0,Not poor,.868921113492467
2004,2,South,4,Rent free,0,Not poor,1.17477686011534
2003,2,South,4,Rent free,0,Not poor,1.20271494528548
2002,2,South,4,Rent free,0,Not poor,1.12640760053511
2001,2,South,4,Rent free,0,Not poor,1.0576154029293
2000,2,South,4,Rent free,0,Not poor,1.05898414829819
1999,2,South,4,Rent free,0,Not poor,1.10195316541162
1998,2,South,4,Rent free,0,Not poor,1.06814096708245
1997,2,South,4,Rent free,0,Not poor,1.17440042419829
1996,2,South,4,Rent free,0,Not poor,1.4553091346686
1995,2,South,4,Rent free,0,Not poor,1.74871351683674
1994,2,South,4,Rent free,0,Not poor,1.90104222206382
2018,3,Midlands,1,Owner occupier,0,Not poor,66.6270846379783
2017,3,Midlands,1,Owner occupier,0,Not poor,67.0838448833253
2016,3,Midlands,1,Owner occupier,0,Not poor,66.849674803767
2015,3,Midlands,1,Owner occupier,0,Not poor,66.4565836842438
2014,3,Midlands,1,Owner occupier,0,Not poor,67.1115284490274
2013,3,Midlands,1,Owner occupier,0,Not poor,67.7953274120693
2012,3,Midlands,1,Owner occupier,0,Not poor,69.5124204769124
2011,3,Midlands,1,Owner occupier,0,Not poor,72.2472714268497
2010,3,Midlands,1,Owner occupier,0,Not poor,73.907712042269
2009,3,Midlands,1,Owner occupier,0,Not poor,75.058380507151
2008,3,Midlands,1,Owner occupier,0,Not poor,76.6289168578438
2007,3,Midlands,1,Owner occupier,0,Not poor,78.5610953320638
2006,3,Midlands,1,Owner occupier,0,Not poor,80.1002660771107
2005,3,Midlands,1,Owner occupier,0,Not poor,79.7013572244432
2004,3,Midlands,1,Owner occupier,0,Not poor,79.8608248049232
2003,3,Midlands,1,Owner occupier,0,Not poor,81.9961818646358
2002,3,Midlands,1,Owner occupier,0,Not poor,83.6421803101329
2001,3,Midlands,1,Owner occupier,0,Not poor,83.6812561362117
2000,3,Midlands,1,Owner occupier,0,Not poor,83.087505055623
1999,3,Midlands,1,Owner occupier,0,Not poor,83.1667143019688
1998,3,Midlands,1,Owner occupier,0,Not poor,83.1326317947963
1997,3,Midlands,1,Owner occupier,0,Not poor,82.7478452848775
1996,3,Midlands,1,Owner occupier,0,Not poor,82.0854779513627
1995,3,Midlands,1,Owner occupier,0,Not poor,81.2569862142814
1994,3,Midlands,1,Owner occupier,0,Not poor,81.0403266587275
2018,3,Midlands,2,Social rent,0,Not poor,16.7231003920891
2017,3,Midlands,2,Social rent,0,Not poor,16.4306222380359
2016,3,Midlands,2,Social rent,0,Not poor,16.5794253330331
2015,3,Midlands,2,Social rent,0,Not poor,16.4927509831448
2014,3,Midlands,2,Social rent,0,Not poor,16.0613176529777
2013,3,Midlands,2,Social rent,0,Not poor,15.7078744764569
2012,3,Midlands,2,Social rent,0,Not poor,15.0549811378127
2011,3,Midlands,2,Social rent,0,Not poor,14.4022608885953
2010,3,Midlands,2,Social rent,0,Not poor,13.3400179337945
2009,3,Midlands,2,Social rent,0,Not poor,13.3110511270875
2008,3,Midlands,2,Social rent,0,Not poor,14.1437600212709
2007,3,Midlands,2,Social rent,0,Not poor,13.1167694244111
2006,3,Midlands,2,Social rent,0,Not poor,12.0140783542999
2005,3,Midlands,2,Social rent,0,Not poor,13.5744649034523
2004,3,Midlands,2,Social rent,0,Not poor,14.298624997359
2003,3,Midlands,2,Social rent,0,Not poor,12.4265075238292
2002,3,Midlands,2,Social rent,0,Not poor,11.3454982601931
2001,3,Midlands,2,Social rent,0,Not poor,11.9683602109401
2000,3,Midlands,2,Social rent,0,Not poor,12.54897038375
1999,3,Midlands,2,Social rent,0,Not poor,12.6089814217588
1998,3,Midlands,2,Social rent,0,Not poor,12.8762666417756
1997,3,Midlands,2,Social rent,0,Not poor,13.2114848755257
1996,3,Midlands,2,Social rent,0,Not poor,13.7168155215418
1995,3,Midlands,2,Social rent,0,Not poor,14.2716541866445
1994,3,Midlands,2,Social rent,0,Not poor,14.3629516520581
2018,3,Midlands,3,Private rent,0,Not poor,16.3109176349618
2017,3,Midlands,3,Private rent,0,Not poor,16.119933514975
2016,3,Midlands,3,Private rent,0,Not poor,16.1791344710579
2015,3,Midlands,3,Private rent,0,Not poor,16.6287749759203
2014,3,Midlands,3,Private rent,0,Not poor,16.3716226687713
2013,3,Midlands,3,Private rent,0,Not poor,15.9139816207205
2012,3,Midlands,3,Private rent,0,Not poor,14.7054682221527
2011,3,Midlands,3,Private rent,0,Not poor,12.7219319844606
2010,3,Midlands,3,Private rent,0,Not poor,12.3036658687893
2009,3,Midlands,3,Private rent,0,Not poor,11.2994062340298
2008,3,Midlands,3,Private rent,0,Not poor,8.8700437569661
2007,3,Midlands,3,Private rent,0,Not poor,7.77723906993822
2006,3,Midlands,3,Private rent,0,Not poor,7.15302988572578
2005,3,Midlands,3,Private rent,0,Not poor,5.85921242800814
2004,3,Midlands,3,Private rent,0,Not poor,4.86251517592123
2003,3,Midlands,3,Private rent,0,Not poor,4.5359052476246
2002,3,Midlands,3,Private rent,0,Not poor,4.15479970549113
2001,3,Midlands,3,Private rent,0,Not poor,3.75900681692221
2000,3,Midlands,3,Private rent,0,Not poor,3.77127300897771
1999,3,Midlands,3,Private rent,0,Not poor,3.52765424106171
1998,3,Midlands,3,Private rent,0,Not poor,3.16825088456474
1997,3,Midlands,3,Private rent,0,Not poor,2.9556569334266
1996,3,Midlands,3,Private rent,0,Not poor,2.90976655209837
1995,3,Midlands,3,Private rent,0,Not poor,3.23193173478502
1994,3,Midlands,3,Private rent,0,Not poor,3.45121156775117
2018,3,Midlands,4,Rent free,0,Not poor,.338897334970797
2017,3,Midlands,4,Rent free,0,Not poor,.36559936366379
2016,3,Midlands,4,Rent free,0,Not poor,.391765392142034
2015,3,Midlands,4,Rent free,0,Not poor,.421890356690982
2014,3,Midlands,4,Rent free,0,Not poor,.455531229223625
2013,3,Midlands,4,Rent free,0,Not poor,.582816490753327
2012,3,Midlands,4,Rent free,0,Not poor,.727130163122259
2011,3,Midlands,4,Rent free,0,Not poor,.628535700094501
2010,3,Midlands,4,Rent free,0,Not poor,.448604155147138
2009,3,Midlands,4,Rent free,0,Not poor,.331162131731687
2008,3,Midlands,4,Rent free,0,Not poor,.357279363919194
2007,3,Midlands,4,Rent free,0,Not poor,.544896173586903
2006,3,Midlands,4,Rent free,0,Not poor,.732625682863595
2005,3,Midlands,4,Rent free,0,Not poor,.864965444096321
2004,3,Midlands,4,Rent free,0,Not poor,.978035021796537
2003,3,Midlands,4,Rent free,0,Not poor,1.04140536391034
2002,3,Midlands,4,Rent free,0,Not poor,.857521724182859
2001,3,Midlands,4,Rent free,0,Not poor,.591376835925979
2000,3,Midlands,4,Rent free,0,Not poor,.592251551649291
1999,3,Midlands,4,Rent free,0,Not poor,.696650035210713
1998,3,Midlands,4,Rent free,0,Not poor,.822850678863289
1997,3,Midlands,4,Rent free,0,Not poor,1.08501290617026
1996,3,Midlands,4,Rent free,0,Not poor,1.28793997499709
1995,3,Midlands,4,Rent free,0,Not poor,1.23942786428911
1994,3,Midlands,4,Rent free,0,Not poor,1.14551012146321
2018,4,North/Wales,1,Owner occupier,0,Not poor,67.9113973242589
2017,4,North/Wales,1,Owner occupier,0,Not poor,68.3635956473734
2016,4,North/Wales,1,Owner occupier,0,Not poor,68.9888855734273
2015,4,North/Wales,1,Owner occupier,0,Not poor,69.2677193174266
2014,4,North/Wales,1,Owner occupier,0,Not poor,68.8435469876377
2013,4,North/Wales,1,Owner occupier,0,Not poor,68.6348448914861
2012,4,North/Wales,1,Owner occupier,0,Not poor,69.6644842620425
2011,4,North/Wales,1,Owner occupier,0,Not poor,70.7966785883709
2010,4,North/Wales,1,Owner occupier,0,Not poor,73.326195252367
2009,4,North/Wales,1,Owner occupier,0,Not poor,76.7391679177436
2008,4,North/Wales,1,Owner occupier,0,Not poor,78.4051196384529
2007,4,North/Wales,1,Owner occupier,0,Not poor,79.6327572984143
2006,4,North/Wales,1,Owner occupier,0,Not poor,80.2302330865394
2005,4,North/Wales,1,Owner occupier,0,Not poor,79.5793761891294
2004,4,North/Wales,1,Owner occupier,0,Not poor,80.1587101091957
2003,4,North/Wales,1,Owner occupier,0,Not poor,81.4485819363793
2002,4,North/Wales,1,Owner occupier,0,Not poor,81.402277087587
2001,4,North/Wales,1,Owner occupier,0,Not poor,80.8259876835019
2000,4,North/Wales,1,Owner occupier,0,Not poor,80.8122519308672
1999,4,North/Wales,1,Owner occupier,0,Not poor,81.9069602654456
1998,4,North/Wales,1,Owner occupier,0,Not poor,82.9911066239447
1997,4,North/Wales,1,Owner occupier,0,Not poor,82.4217045934599
1996,4,North/Wales,1,Owner occupier,0,Not poor,81.3346611996671
1995,4,North/Wales,1,Owner occupier,0,Not poor,80.9501370866414
1994,4,North/Wales,1,Owner occupier,0,Not poor,80.9086820030288
2018,4,North/Wales,2,Social rent,0,Not poor,14.3999382815635
2017,4,North/Wales,2,Social rent,0,Not poor,14.3733863075542
2016,4,North/Wales,2,Social rent,0,Not poor,14.5745122019394
2015,4,North/Wales,2,Social rent,0,Not poor,14.4013314052038
2014,4,North/Wales,2,Social rent,0,Not poor,14.4991980299793
2013,4,North/Wales,2,Social rent,0,Not poor,15.1951294985402
2012,4,North/Wales,2,Social rent,0,Not poor,15.7099030467771
2011,4,North/Wales,2,Social rent,0,Not poor,16.112719930937
2010,4,North/Wales,2,Social rent,0,Not poor,15.0823981616479
2009,4,North/Wales,2,Social rent,0,Not poor,13.6452251692879
2008,4,North/Wales,2,Social rent,0,Not poor,13.3340072591856
2007,4,North/Wales,2,Social rent,0,Not poor,13.2588441981232
2006,4,North/Wales,2,Social rent,0,Not poor,13.4704740703861
2005,4,North/Wales,2,Social rent,0,Not poor,13.7730628800788
2004,4,North/Wales,2,Social rent,0,Not poor,13.3459521175632
2003,4,North/Wales,2,Social rent,0,Not poor,12.9847430231
2002,4,North/Wales,2,Social rent,0,Not poor,13.5048266928627
2001,4,North/Wales,2,Social rent,0,Not poor,14.4952001509281
2000,4,North/Wales,2,Social rent,0,Not poor,14.8774748099268
1999,4,North/Wales,2,Social rent,0,Not poor,13.6116906749169
1998,4,North/Wales,2,Social rent,0,Not poor,12.5123059481442
1997,4,North/Wales,2,Social rent,0,Not poor,13.228530422011
1996,4,North/Wales,2,Social rent,0,Not poor,14.3227363520647
1995,4,North/Wales,2,Social rent,0,Not poor,15.0815539343753
1994,4,North/Wales,2,Social rent,0,Not poor,15.4553195275955
2018,4,North/Wales,3,Private rent,0,Not poor,16.946786725254
2017,4,North/Wales,3,Private rent,0,Not poor,16.4762999213549
2016,4,North/Wales,3,Private rent,0,Not poor,15.7460123242597
2015,4,North/Wales,3,Private rent,0,Not poor,15.8511086664266
2014,4,North/Wales,3,Private rent,0,Not poor,16.1745562833392
2013,4,North/Wales,3,Private rent,0,Not poor,15.6161266111685
2012,4,North/Wales,3,Private rent,0,Not poor,14.1832735537941
2011,4,North/Wales,3,Private rent,0,Not poor,12.7265286422221
2010,4,North/Wales,3,Private rent,0,Not poor,11.0484839136216
2009,4,North/Wales,3,Private rent,0,Not poor,8.8868200533791
2008,4,North/Wales,3,Private rent,0,Not poor,7.58677937168553
2007,4,North/Wales,3,Private rent,0,Not poor,6.57605676784132
2006,4,North/Wales,3,Private rent,0,Not poor,5.77906198507241
2005,4,North/Wales,3,Private rent,0,Not poor,5.97482952877075
2004,4,North/Wales,3,Private rent,0,Not poor,5.72899117733722
2003,4,North/Wales,3,Private rent,0,Not poor,4.92362713935004
2002,4,North/Wales,3,Private rent,0,Not poor,4.43924442455808
2001,4,North/Wales,3,Private rent,0,Not poor,3.84308598469467
2000,4,North/Wales,3,Private rent,0,Not poor,3.39914651979848
1999,4,North/Wales,3,Private rent,0,Not poor,3.50990940974497
1998,4,North/Wales,3,Private rent,0,Not poor,3.46306478419135
1997,4,North/Wales,3,Private rent,0,Not poor,3.20760644483993
1996,4,North/Wales,3,Private rent,0,Not poor,3.09101979343285
1995,4,North/Wales,3,Private rent,0,Not poor,2.86480242815627
1994,4,North/Wales,3,Private rent,0,Not poor,2.68754820846311
2018,4,North/Wales,4,Rent free,0,Not poor,.741877668923595
2017,4,North/Wales,4,Rent free,0,Not poor,.786718123717583
2016,4,North/Wales,4,Rent free,0,Not poor,.690589900373559
2015,4,North/Wales,4,Rent free,0,Not poor,.479840610943
2014,4,North/Wales,4,Rent free,0,Not poor,.482698699043727
2013,4,North/Wales,4,Rent free,0,Not poor,.553898998805099
2012,4,North/Wales,4,Rent free,0,Not poor,.442339137386245
2011,4,North/Wales,4,Rent free,0,Not poor,.364072838470075
2010,4,North/Wales,4,Rent free,0,Not poor,.542922672363536
2009,4,North/Wales,4,Rent free,0,Not poor,.728786859589403
2008,4,North/Wales,4,Rent free,0,Not poor,.674093730675966
2007,4,North/Wales,4,Rent free,0,Not poor,.532341735621172
2006,4,North/Wales,4,Rent free,0,Not poor,.520230858002034
2005,4,North/Wales,4,Rent free,0,Not poor,.672731402021073
2004,4,North/Wales,4,Rent free,0,Not poor,.766346595903903
2003,4,North/Wales,4,Rent free,0,Not poor,.643047901170706
2002,4,North/Wales,4,Rent free,0,Not poor,.653651794992243
2001,4,North/Wales,4,Rent free,0,Not poor,.835726180875356
2000,4,North/Wales,4,Rent free,0,Not poor,.911126739407501
1999,4,North/Wales,4,Rent free,0,Not poor,.971439649892477
1998,4,North/Wales,4,Rent free,0,Not poor,1.03352264371983
1997,4,North/Wales,4,Rent free,0,Not poor,1.14215853968916
1996,4,North/Wales,4,Rent free,0,Not poor,1.25158265483541
1995,4,North/Wales,4,Rent free,0,Not poor,1.10350655082696
1994,4,North/Wales,4,Rent free,0,Not poor,.948450260912634
2018,5,Scotland,1,Owner occupier,0,Not poor,72.2250216691801
2017,5,Scotland,1,Owner occupier,0,Not poor,72.0323109289091
2016,5,Scotland,1,Owner occupier,0,Not poor,71.2551801365447
2015,5,Scotland,1,Owner occupier,0,Not poor,68.7962929413425
2014,5,Scotland,1,Owner occupier,0,Not poor,66.4325043497564
2013,5,Scotland,1,Owner occupier,0,Not poor,67.3326865159423
2012,5,Scotland,1,Owner occupier,0,Not poor,68.9916545803353
2011,5,Scotland,1,Owner occupier,0,Not poor,69.1633361551478
2010,5,Scotland,1,Owner occupier,0,Not poor,70.8901603631609
2009,5,Scotland,1,Owner occupier,0,Not poor,74.4606014333414
2008,5,Scotland,1,Owner occupier,0,Not poor,76.8963066033415
2007,5,Scotland,1,Owner occupier,0,Not poor,77.5506161468674
2006,5,Scotland,1,Owner occupier,0,Not poor,77.4363243782796
2005,5,Scotland,1,Owner occupier,0,Not poor,77.3706671243551
2004,5,Scotland,1,Owner occupier,0,Not poor,77.7126181094564
2003,5,Scotland,1,Owner occupier,0,Not poor,78.6009498278377
2002,5,Scotland,1,Owner occupier,0,Not poor,78.719286006518
2001,5,Scotland,1,Owner occupier,0,Not poor,78.0458513875128
2000,5,Scotland,1,Owner occupier,0,Not poor,77.7051816320374
1999,5,Scotland,1,Owner occupier,0,Not poor,77.8319743791601
1998,5,Scotland,1,Owner occupier,0,Not poor,76.9629360333801
1997,5,Scotland,1,Owner occupier,0,Not poor,74.8136182751994
1996,5,Scotland,1,Owner occupier,0,Not poor,73.5591386960266
1995,5,Scotland,1,Owner occupier,0,Not poor,72.5336606266533
1994,5,Scotland,1,Owner occupier,0,Not poor,71.7175280376842
2018,5,Scotland,2,Social rent,0,Not poor,17.0900773693554
2017,5,Scotland,2,Social rent,0,Not poor,17.1251824012718
2016,5,Scotland,2,Social rent,0,Not poor,17.4505485496461
2015,5,Scotland,2,Social rent,0,Not poor,19.069478999007
2014,5,Scotland,2,Social rent,0,Not poor,20.7524579502228
2013,5,Scotland,2,Social rent,0,Not poor,19.9832832006485
2012,5,Scotland,2,Social rent,0,Not poor,18.8107272842781
2011,5,Scotland,2,Social rent,0,Not poor,18.78061442653
2010,5,Scotland,2,Social rent,0,Not poor,17.4633255894579
2009,5,Scotland,2,Social rent,0,Not poor,15.8454171925497
2008,5,Scotland,2,Social rent,0,Not poor,15.5245948370304
2007,5,Scotland,2,Social rent,0,Not poor,15.6083413822145
2006,5,Scotland,2,Social rent,0,Not poor,15.975235978096
2005,5,Scotland,2,Social rent,0,Not poor,16.468560491551
2004,5,Scotland,2,Social rent,0,Not poor,16.7608359259912
2003,5,Scotland,2,Social rent,0,Not poor,16.4632114764903
2002,5,Scotland,2,Social rent,0,Not poor,16.4871814058985
2001,5,Scotland,2,Social rent,0,Not poor,16.7881882800302
2000,5,Scotland,2,Social rent,0,Not poor,16.9395146997738
1999,5,Scotland,2,Social rent,0,Not poor,17.4837395914103
1998,5,Scotland,2,Social rent,0,Not poor,18.7034292890209
1997,5,Scotland,2,Social rent,0,Not poor,20.3774344652654
1996,5,Scotland,2,Social rent,0,Not poor,22.0914609911521
1995,5,Scotland,2,Social rent,0,Not poor,24.0228748610139
1994,5,Scotland,2,Social rent,0,Not poor,25.0239511654747
2018,5,Scotland,3,Private rent,0,Not poor,9.56022119265344
2017,5,Scotland,3,Private rent,0,Not poor,9.73306537743142
2016,5,Scotland,3,Private rent,0,Not poor,10.4036751711861
2015,5,Scotland,3,Private rent,0,Not poor,11.2683789037949
2014,5,Scotland,3,Private rent,0,Not poor,11.5820388921538
2013,5,Scotland,3,Private rent,0,Not poor,11.2540294560964
2012,5,Scotland,3,Private rent,0,Not poor,10.7084867066899
2011,5,Scotland,3,Private rent,0,Not poor,10.6456878278489
2010,5,Scotland,3,Private rent,0,Not poor,10.1773801486834
2009,5,Scotland,3,Private rent,0,Not poor,7.99229486743189
2008,5,Scotland,3,Private rent,0,Not poor,5.90276088218258
2007,5,Scotland,3,Private rent,0,Not poor,5.20165053515199
2006,5,Scotland,3,Private rent,0,Not poor,4.88834096532662
2005,5,Scotland,3,Private rent,0,Not poor,4.58521617755715
2004,5,Scotland,3,Private rent,0,Not poor,4.17419289516621
2003,5,Scotland,3,Private rent,0,Not poor,3.53160337982016
2002,5,Scotland,3,Private rent,0,Not poor,3.12067644934308
2001,5,Scotland,3,Private rent,0,Not poor,2.98522093984167
2000,5,Scotland,3,Private rent,0,Not poor,2.96525228463636
1999,5,Scotland,3,Private rent,0,Not poor,3.01896419480055
1998,5,Scotland,3,Private rent,0,Not poor,3.11903086235712
1997,5,Scotland,3,Private rent,0,Not poor,3.24257502141235
1996,5,Scotland,3,Private rent,0,Not poor,2.82773594393867
1995,5,Scotland,3,Private rent,0,Not poor,2.02489578756152
1994,5,Scotland,3,Private rent,0,Not poor,1.66780134151662
2018,5,Scotland,4,Rent free,0,Not poor,1.12467976881103
2017,5,Scotland,4,Rent free,0,Not poor,1.10944129238773
2016,5,Scotland,4,Rent free,0,Not poor,.89059614262317
2015,5,Scotland,4,Rent free,0,Not poor,.865849155855583
2014,5,Scotland,4,Rent free,0,Not poor,1.23299880786695
2013,5,Scotland,4,Rent free,0,Not poor,1.43000082731282
2012,5,Scotland,4,Rent free,0,Not poor,1.48913142869674
2011,5,Scotland,4,Rent free,0,Not poor,1.41036159047333
2010,5,Scotland,4,Rent free,0,Not poor,1.46913389869778
2009,5,Scotland,4,Rent free,0,Not poor,1.70168650667697
2008,5,Scotland,4,Rent free,0,Not poor,1.67633767744562
2007,5,Scotland,4,Rent free,0,Not poor,1.63939193576603
2006,5,Scotland,4,Rent free,0,Not poor,1.70009867829782
2005,5,Scotland,4,Rent free,0,Not poor,1.57555620653675
2004,5,Scotland,4,Rent free,0,Not poor,1.35235306938626
2003,5,Scotland,4,Rent free,0,Not poor,1.40423531585186
2002,5,Scotland,4,Rent free,0,Not poor,1.6728561382404
2001,5,Scotland,4,Rent free,0,Not poor,2.18073939261535
2000,5,Scotland,4,Rent free,0,Not poor,2.39005138355251
1999,5,Scotland,4,Rent free,0,Not poor,1.66532183462904
1998,5,Scotland,4,Rent free,0,Not poor,1.21460381524193
1997,5,Scotland,4,Rent free,0,Not poor,1.56637223812286
1996,5,Scotland,4,Rent free,0,Not poor,1.52166436888267
1995,5,Scotland,4,Rent free,0,Not poor,1.41856872477126
1994,5,Scotland,4,Rent free,0,Not poor,1.59071945532444
2018,6,Northern Ireland,1,Owner occupier,0,Not poor,73.1718114963621
2017,6,Northern Ireland,1,Owner occupier,0,Not poor,73.1763047543184
2016,6,Northern Ireland,1,Owner occupier,0,Not poor,72.2805678500739
2015,6,Northern Ireland,1,Owner occupier,0,Not poor,70.949278034904
2014,6,Northern Ireland,1,Owner occupier,0,Not poor,70.3955387729597
2013,6,Northern Ireland,1,Owner occupier,0,Not poor,71.1664543532326
2012,6,Northern Ireland,1,Owner occupier,0,Not poor,73.7124207090397
2011,6,Northern Ireland,1,Owner occupier,0,Not poor,76.0752286291301
2010,6,Northern Ireland,1,Owner occupier,0,Not poor,77.5409779586574
2009,6,Northern Ireland,1,Owner occupier,0,Not poor,78.5136380159768
2008,6,Northern Ireland,1,Owner occupier,0,Not poor,79.5252052233212
2007,6,Northern Ireland,1,Owner occupier,0,Not poor,81.4066099593167
2006,6,Northern Ireland,1,Owner occupier,0,Not poor,82.7872487079976
2005,6,Northern Ireland,1,Owner occupier,0,Not poor,84.1906307205689
2004,6,Northern Ireland,1,Owner occupier,0,Not poor,85.8930337428413
2003,6,Northern Ireland,1,Owner occupier,0,Not poor,86.1750954992991
2002,6,Northern Ireland,1,Owner occupier,0,Not poor,85.8646825073494
2018,6,Northern Ireland,2,Social rent,0,Not poor,9.60946119605677
2017,6,Northern Ireland,2,Social rent,0,Not poor,9.22124783218155
2016,6,Northern Ireland,2,Social rent,0,Not poor,8.84011826857235
2015,6,Northern Ireland,2,Social rent,0,Not poor,9.54983628252381
2014,6,Northern Ireland,2,Social rent,0,Not poor,10.5585600607011
2013,6,Northern Ireland,2,Social rent,0,Not poor,10.7757106395126
2012,6,Northern Ireland,2,Social rent,0,Not poor,11.1911979247242
2011,6,Northern Ireland,2,Social rent,0,Not poor,11.4530779504627
2010,6,Northern Ireland,2,Social rent,0,Not poor,10.5404780095146
2009,6,Northern Ireland,2,Social rent,0,Not poor,9.79726750999802
2008,6,Northern Ireland,2,Social rent,0,Not poor,9.29369722957737
2007,6,Northern Ireland,2,Social rent,0,Not poor,8.52878885779663
2006,6,Northern Ireland,2,Social rent,0,Not poor,8.34976189782722
2005,6,Northern Ireland,2,Social rent,0,Not poor,8.45109794375591
2004,6,Northern Ireland,2,Social rent,0,Not poor,8.32995275757186
2003,6,Northern Ireland,2,Social rent,0,Not poor,8.73986637684254
2002,6,Northern Ireland,2,Social rent,0,Not poor,9.21679329311341
2018,6,Northern Ireland,3,Private rent,0,Not poor,16.2690340890127
2017,6,Northern Ireland,3,Private rent,0,Not poor,16.5045210635709
2016,6,Northern Ireland,3,Private rent,0,Not poor,17.5207060738491
2015,6,Northern Ireland,3,Private rent,0,Not poor,17.8899915408035
2014,6,Northern Ireland,3,Private rent,0,Not poor,17.4242258614935
2013,6,Northern Ireland,3,Private rent,0,Not poor,16.836637386295
2012,6,Northern Ireland,3,Private rent,0,Not poor,14.382136856503
2011,6,Northern Ireland,3,Private rent,0,Not poor,12.0293862099082
2010,6,Northern Ireland,3,Private rent,0,Not poor,11.4802847283476
2009,6,Northern Ireland,3,Private rent,0,Not poor,11.1420481836778
2008,6,Northern Ireland,3,Private rent,0,Not poor,10.6692119748983
2007,6,Northern Ireland,3,Private rent,0,Not poor,9.74564585173496
2006,6,Northern Ireland,3,Private rent,0,Not poor,8.49866123462262
2005,6,Northern Ireland,3,Private rent,0,Not poor,6.78171338479768
2004,6,Northern Ireland,3,Private rent,0,Not poor,5.08262880256767
2003,6,Northern Ireland,3,Private rent,0,Not poor,4.40266388721504
2002,6,Northern Ireland,3,Private rent,0,Not poor,4.28046986242986
2018,6,Northern Ireland,4,Rent free,0,Not poor,.949693218568475
2017,6,Northern Ireland,4,Rent free,0,Not poor,1.0979263499291
2016,6,Northern Ireland,4,Rent free,0,Not poor,1.35860780750469
2015,6,Northern Ireland,4,Rent free,0,Not poor,1.61089414176872
2014,6,Northern Ireland,4,Rent free,0,Not poor,1.62167530484565
2013,6,Northern Ireland,4,Rent free,0,Not poor,1.22119762095977
2012,6,Northern Ireland,4,Rent free,0,Not poor,.7142445097331
2011,6,Northern Ireland,4,Rent free,0,Not poor,.442307210499002
2010,6,Northern Ireland,4,Rent free,0,Not poor,.43825930348036
2009,6,Northern Ireland,4,Rent free,0,Not poor,.547046290347393
2008,6,Northern Ireland,4,Rent free,0,Not poor,.630693409807636
2006,6,Northern Ireland,4,Rent free,0,Not poor,.564475653099695
2005,6,Northern Ireland,4,Rent free,0,Not poor,.576557950877478
2004,6,Northern Ireland,4,Rent free,0,Not poor,.69438469701917
2003,6,Northern Ireland,4,Rent free,0,Not poor,.682374236643356
2002,6,Northern Ireland,4,Rent free,0,Not poor,.638054337107327
2018,1,London,1,Owner occupier,1,Poor,15.2597590236944
2017,1,London,1,Owner occupier,1,Poor,16.327773465885
2016,1,London,1,Owner occupier,1,Poor,17.300914563349
2015,1,London,1,Owner occupier,1,Poor,15.673983315604
2014,1,London,1,Owner occupier,1,Poor,14.7238475660746
2013,1,London,1,Owner occupier,1,Poor,17.7623560587098
2012,1,London,1,Owner occupier,1,Poor,22.0842376774036
2011,1,London,1,Owner occupier,1,Poor,23.7942551501878
2010,1,London,1,Owner occupier,1,Poor,24.0548028110869
2009,1,London,1,Owner occupier,1,Poor,25.619039517183
2008,1,London,1,Owner occupier,1,Poor,27.1062770856401
2007,1,London,1,Owner occupier,1,Poor,27.1276473757397
2006,1,London,1,Owner occupier,1,Poor,27.9818450513804
2005,1,London,1,Owner occupier,1,Poor,29.6691627528015
2004,1,London,1,Owner occupier,1,Poor,27.8958068559426
2003,1,London,1,Owner occupier,1,Poor,25.4603985294231
2002,1,London,1,Owner occupier,1,Poor,24.2385832856105
2001,1,London,1,Owner occupier,1,Poor,22.4700904838572
2000,1,London,1,Owner occupier,1,Poor,22.1171122250798
1999,1,London,1,Owner occupier,1,Poor,22.5121771719091
1998,1,London,1,Owner occupier,1,Poor,24.8085402239948
1997,1,London,1,Owner occupier,1,Poor,28.0122390751198
1996,1,London,1,Owner occupier,1,Poor,29.0380856994171
1995,1,London,1,Owner occupier,1,Poor,28.8382313938927
1994,1,London,1,Owner occupier,1,Poor,28.5748434669721
2018,1,London,2,Social rent,1,Poor,45.0208627819256
2017,1,London,2,Social rent,1,Poor,44.6387662699373
2016,1,London,2,Social rent,1,Poor,42.8418042720021
2015,1,London,2,Social rent,1,Poor,41.0669872578642
2014,1,London,2,Social rent,1,Poor,41.5934455073208
2013,1,London,2,Social rent,1,Poor,42.6035702606535
2012,1,London,2,Social rent,1,Poor,40.5649021496963
2011,1,London,2,Social rent,1,Poor,37.5048822977765
2010,1,London,2,Social rent,1,Poor,38.1023926541286
2009,1,London,2,Social rent,1,Poor,41.7816786727053
2008,1,London,2,Social rent,1,Poor,45.7871710999257
2007,1,London,2,Social rent,1,Poor,48.3765592178435
2006,1,London,2,Social rent,1,Poor,50.2064056623192
2005,1,London,2,Social rent,1,Poor,53.1746735053526
2004,1,London,2,Social rent,1,Poor,55.7404485889003
2003,1,London,2,Social rent,1,Poor,56.3164181493593
2002,1,London,2,Social rent,1,Poor,58.4482001283323
2001,1,London,2,Social rent,1,Poor,61.9974009464112
2000,1,London,2,Social rent,1,Poor,63.9018315826902
1999,1,London,2,Social rent,1,Poor,63.7149210278752
1998,1,London,2,Social rent,1,Poor,61.0734966424599
1997,1,London,2,Social rent,1,Poor,59.0200747548258
1996,1,London,2,Social rent,1,Poor,58.8617143199462
1995,1,London,2,Social rent,1,Poor,59.1179829271933
1994,1,London,2,Social rent,1,Poor,59.3633425782272
2018,1,London,3,Private rent,1,Poor,39.5782802452192
2017,1,London,3,Private rent,1,Poor,38.677346544712
2016,1,London,3,Private rent,1,Poor,38.8544454079737
2015,1,London,3,Private rent,1,Poor,42.0415013043431
2014,1,London,3,Private rent,1,Poor,43.1138989727111
2013,1,London,3,Private rent,1,Poor,39.1150560720821
2012,1,London,3,Private rent,1,Poor,36.3637244644647
2011,1,London,3,Private rent,1,Poor,37.9106818167346
2010,1,London,3,Private rent,1,Poor,37.1603670135077
2009,1,London,3,Private rent,1,Poor,31.90873996502
2008,1,London,3,Private rent,1,Poor,26.7280516728438
2007,1,London,3,Private rent,1,Poor,24.0177882731504
2006,1,London,3,Private rent,1,Poor,21.100773186008
2005,1,London,3,Private rent,1,Poor,16.3068778439798
2004,1,London,3,Private rent,1,Poor,15.2175574440409
2003,1,London,3,Private rent,1,Poor,17.0247324213395
2002,1,London,3,Private rent,1,Poor,16.3302389891096
2001,1,London,3,Private rent,1,Poor,14.9686942446481
2000,1,London,3,Private rent,1,Poor,13.7763341780837
1999,1,London,3,Private rent,1,Poor,13.6285206156988
1998,1,London,3,Private rent,1,Poor,13.9606367172391
1997,1,London,3,Private rent,1,Poor,12.5782427647641
1996,1,London,3,Private rent,1,Poor,11.5507676175632
1995,1,London,3,Private rent,1,Poor,11.6653220117755
1994,1,London,3,Private rent,1,Poor,11.7951361841858
2018,1,London,4,Rent free,1,Poor,.712227438931551
2016,1,London,4,Rent free,1,Poor,1.07338473125558
2015,1,London,4,Rent free,1,Poor,1.21752812218873
2014,1,London,4,Rent free,1,Poor,1.01927471895354
2012,1,London,4,Rent free,1,Poor,1.05568655193006
2011,1,London,4,Rent free,1,Poor,.790180735301202
2010,1,London,4,Rent free,1,Poor,.68243752127682
2009,1,London,4,Rent free,1,Poor,.807425870941521
2007,1,London,4,Rent free,1,Poor,.739621249007148
2006,1,London,4,Rent free,1,Poor,.710976100292443
2005,1,London,4,Rent free,1,Poor,.84928589786613
2004,1,London,4,Rent free,1,Poor,1.14618711111629
2003,1,London,4,Rent free,1,Poor,1.198450899878
2002,1,London,4,Rent free,1,Poor,.982977596947647
2001,1,London,4,Rent free,1,Poor,.636004917341901
1999,1,London,4,Rent free,1,Poor,.362048430452551
1997,1,London,4,Rent free,1,Poor,.46163399754871
1996,1,London,4,Rent free,1,Poor,.549432363073522
1995,1,London,4,Rent free,1,Poor,.378463667138468
1994,1,London,4,Rent free,1,Poor,.266677770614881
2018,2,South,1,Owner occupier,1,Poor,26.9692697451663
2017,2,South,1,Owner occupier,1,Poor,26.6228442315858
2016,2,South,1,Owner occupier,1,Poor,26.5314188189564
2015,2,South,1,Owner occupier,1,Poor,28.0194546162728
2014,2,South,1,Owner occupier,1,Poor,29.5738227069393
2013,2,South,1,Owner occupier,1,Poor,30.7045328495938
2012,2,South,1,Owner occupier,1,Poor,33.5908940809122
2011,2,South,1,Owner occupier,1,Poor,34.6256472983781
2010,2,South,1,Owner occupier,1,Poor,32.7152324708955
2009,2,South,1,Owner occupier,1,Poor,34.150305512214
2008,2,South,1,Owner occupier,1,Poor,38.6873822041105
2007,2,South,1,Owner occupier,1,Poor,40.2375071988787
2006,2,South,1,Owner occupier,1,Poor,39.5032855286136
2005,2,South,1,Owner occupier,1,Poor,41.2783613325678
2004,2,South,1,Owner occupier,1,Poor,42.5218137721902
2003,2,South,1,Owner occupier,1,Poor,40.6896404562319
2002,2,South,1,Owner occupier,1,Poor,39.8608710387839
2001,2,South,1,Owner occupier,1,Poor,41.6003708185957
2000,2,South,1,Owner occupier,1,Poor,42.7785652680339
1999,2,South,1,Owner occupier,1,Poor,42.7525416226731
1998,2,South,1,Owner occupier,1,Poor,43.7016958390385
1997,2,South,1,Owner occupier,1,Poor,43.5290715327455
1996,2,South,1,Owner occupier,1,Poor,42.0489767945112
1995,2,South,1,Owner occupier,1,Poor,43.0806910413922
1994,2,South,1,Owner occupier,1,Poor,44.5847502311218
2018,2,South,2,Social rent,1,Poor,34.6246398997274
2017,2,South,2,Social rent,1,Poor,35.5671732920925
2016,2,South,2,Social rent,1,Poor,36.3302145975707
2015,2,South,2,Social rent,1,Poor,35.330737609605
2014,2,South,2,Social rent,1,Poor,34.1745903176722
2013,2,South,2,Social rent,1,Poor,34.4378843590942
2012,2,South,2,Social rent,1,Poor,34.9276158046912
2011,2,South,2,Social rent,1,Poor,35.0111778375033
2010,2,South,2,Social rent,1,Poor,36.3448697924535
2009,2,South,2,Social rent,1,Poor,37.2210975276417
2008,2,South,2,Social rent,1,Poor,35.748894687718
2007,2,South,2,Social rent,1,Poor,35.3073642590435
2006,2,South,2,Social rent,1,Poor,38.0124459510882
2005,2,South,2,Social rent,1,Poor,39.9304194260404
2004,2,South,2,Social rent,1,Poor,39.5498790785071
2003,2,South,2,Social rent,1,Poor,40.9748828536268
2002,2,South,2,Social rent,1,Poor,43.0307244444358
2001,2,South,2,Social rent,1,Poor,42.2707236157817
2000,2,South,2,Social rent,1,Poor,41.7851775054537
1999,2,South,2,Social rent,1,Poor,42.0683259782774
1998,2,South,2,Social rent,1,Poor,40.9753875283994
1997,2,South,2,Social rent,1,Poor,41.5335901028867
1996,2,South,2,Social rent,1,Poor,43.4635889444885
1995,2,South,2,Social rent,1,Poor,41.6350576378117
1994,2,South,2,Social rent,1,Poor,39.2654517941258
2018,2,South,3,Private rent,1,Poor,38.3389120313122
2017,2,South,3,Private rent,1,Poor,37.6178273103056
2016,2,South,3,Private rent,1,Poor,36.6106973581345
2015,2,South,3,Private rent,1,Poor,35.9479160849024
2014,2,South,3,Private rent,1,Poor,35.7684471178119
2013,2,South,3,Private rent,1,Poor,34.6791312630599
2012,2,South,3,Private rent,1,Poor,31.3888656054882
2011,2,South,3,Private rent,1,Poor,30.1591847458734
2010,2,South,3,Private rent,1,Poor,30.5639611636278
2009,2,South,3,Private rent,1,Poor,28.10314945596
2008,2,South,3,Private rent,1,Poor,25.0478937417424
2007,2,South,3,Private rent,1,Poor,23.9181739633046
2006,2,South,3,Private rent,1,Poor,21.8161959268636
2005,2,South,3,Private rent,1,Poor,18.1344279741112
2004,2,South,3,Private rent,1,Poor,17.2891315151284
2003,2,South,3,Private rent,1,Poor,17.6885278555102
2002,2,South,3,Private rent,1,Poor,16.5092764623257
2001,2,South,3,Private rent,1,Poor,15.5267792147522
2000,2,South,3,Private rent,1,Poor,14.7443414051943
1999,2,South,3,Private rent,1,Poor,14.347570434472
1998,2,South,3,Private rent,1,Poor,14.6212927856601
1997,2,South,3,Private rent,1,Poor,14.4574276753207
1996,2,South,3,Private rent,1,Poor,13.9511555531639
1995,2,South,3,Private rent,1,Poor,14.5685284707114
1994,2,South,3,Private rent,1,Poor,15.3358595949735
2018,2,South,4,Rent free,1,Poor,.3843103320323
2016,2,South,4,Rent free,1,Poor,.561258387235515
2015,2,South,4,Rent free,1,Poor,.701891689219767
2014,2,South,4,Rent free,1,Poor,.483139857576506
2013,2,South,4,Rent free,1,Poor,.242975898484433
2011,2,South,4,Rent free,1,Poor,.232090256921245
2010,2,South,4,Rent free,1,Poor,.375936573023279
2009,2,South,4,Rent free,1,Poor,.525447504184293
2008,2,South,4,Rent free,1,Poor,.515829366429057
2007,2,South,4,Rent free,1,Poor,.536954578773241
2006,2,South,4,Rent free,1,Poor,.668072593434599
2005,2,South,4,Rent free,1,Poor,.656791267280653
2004,2,South,4,Rent free,1,Poor,.639175634174347
2003,2,South,4,Rent free,1,Poor,.646948834630984
2002,2,South,4,Rent free,1,Poor,.59912805445456
2001,2,South,4,Rent free,1,Poor,.602126350870375
2000,2,South,4,Rent free,1,Poor,.691915821318067
1999,2,South,4,Rent free,1,Poor,.831561964577448
1998,2,South,4,Rent free,1,Poor,.701623846902011
1997,2,South,4,Rent free,1,Poor,.479910689047152
1996,2,South,4,Rent free,1,Poor,.53627870783638
1995,2,South,4,Rent free,1,Poor,.715722850084714
1994,2,South,4,Rent free,1,Poor,.813938379778952
2018,3,Midlands,1,Owner occupier,1,Poor,24.7914914466156
2017,3,Midlands,1,Owner occupier,1,Poor,25.0423427042914
2016,3,Midlands,1,Owner occupier,1,Poor,25.0462204795553
2015,3,Midlands,1,Owner occupier,1,Poor,26.1877459207909
2014,3,Midlands,1,Owner occupier,1,Poor,28.2703830625842
2013,3,Midlands,1,Owner occupier,1,Poor,28.0125640484929
2012,3,Midlands,1,Owner occupier,1,Poor,28.4065836196651
2011,3,Midlands,1,Owner occupier,1,Poor,32.2500501764192
2010,3,Midlands,1,Owner occupier,1,Poor,36.0471524142077
2009,3,Midlands,1,Owner occupier,1,Poor,37.8689552407422
2008,3,Midlands,1,Owner occupier,1,Poor,38.3992519000489
2007,3,Midlands,1,Owner occupier,1,Poor,39.419882015608
2006,3,Midlands,1,Owner occupier,1,Poor,41.2515720244208
2005,3,Midlands,1,Owner occupier,1,Poor,41.1527490964987
2004,3,Midlands,1,Owner occupier,1,Poor,40.0712705991754
2003,3,Midlands,1,Owner occupier,1,Poor,39.8820505442272
2002,3,Midlands,1,Owner occupier,1,Poor,40.4801083827039
2001,3,Midlands,1,Owner occupier,1,Poor,41.2839492947859
2000,3,Midlands,1,Owner occupier,1,Poor,39.9532564867346
1999,3,Midlands,1,Owner occupier,1,Poor,37.2610209454106
1998,3,Midlands,1,Owner occupier,1,Poor,35.0103241462535
1997,3,Midlands,1,Owner occupier,1,Poor,35.8555358448222
1996,3,Midlands,1,Owner occupier,1,Poor,38.7217661346365
1995,3,Midlands,1,Owner occupier,1,Poor,38.1589989046397
1994,3,Midlands,1,Owner occupier,1,Poor,36.6444195268706
2018,3,Midlands,2,Social rent,1,Poor,44.6072322439846
2017,3,Midlands,2,Social rent,1,Poor,44.9955480139
2016,3,Midlands,2,Social rent,1,Poor,43.3945463216125
2015,3,Midlands,2,Social rent,1,Poor,39.7714430646244
2014,3,Midlands,2,Social rent,1,Poor,38.5967131786098
2013,3,Midlands,2,Social rent,1,Poor,38.7537403060366
2012,3,Midlands,2,Social rent,1,Poor,38.7490760476182
2011,3,Midlands,2,Social rent,1,Poor,39.7930074812713
2010,3,Midlands,2,Social rent,1,Poor,39.4505263273834
2009,3,Midlands,2,Social rent,1,Poor,38.8025474312605
2008,3,Midlands,2,Social rent,1,Poor,39.462444700709
2007,3,Midlands,2,Social rent,1,Poor,39.2033273466584
2006,3,Midlands,2,Social rent,1,Poor,39.7563252845573
2005,3,Midlands,2,Social rent,1,Poor,42.4166214225647
2004,3,Midlands,2,Social rent,1,Poor,44.2049046583177
2003,3,Midlands,2,Social rent,1,Poor,44.8985024194431
2002,3,Midlands,2,Social rent,1,Poor,45.6182302209909
2001,3,Midlands,2,Social rent,1,Poor,46.2982757043342
2000,3,Midlands,2,Social rent,1,Poor,48.5473684716462
1999,3,Midlands,2,Social rent,1,Poor,50.4606055107126
1998,3,Midlands,2,Social rent,1,Poor,52.1091631742974
1997,3,Midlands,2,Social rent,1,Poor,53.2234714412754
1996,3,Midlands,2,Social rent,1,Poor,51.6584765041468
1995,3,Midlands,2,Social rent,1,Poor,51.251701486471
1994,3,Midlands,2,Social rent,1,Poor,52.0348012333418
2018,3,Midlands,3,Private rent,1,Poor,30.6012763093998
2017,3,Midlands,3,Private rent,1,Poor,29.7135931505819
2016,3,Midlands,3,Private rent,1,Poor,30.7132251862479
2015,3,Midlands,3,Private rent,1,Poor,32.424971004935
2014,3,Midlands,3,Private rent,1,Poor,31.2104947606534
2013,3,Midlands,3,Private rent,1,Poor,31.9963848958149
2012,3,Midlands,3,Private rent,1,Poor,32.1315368529299
2011,3,Midlands,3,Private rent,1,Poor,27.1839588229573
2010,3,Midlands,3,Private rent,1,Poor,23.7298177850332
2009,3,Midlands,3,Private rent,1,Poor,22.3705116038221
2008,3,Midlands,3,Private rent,1,Poor,21.1971385319066
2007,3,Midlands,3,Private rent,1,Poor,20.9283508626637
2006,3,Midlands,3,Private rent,1,Poor,18.7728212819835
2005,3,Midlands,3,Private rent,1,Poor,15.8436153687312
2004,3,Midlands,3,Private rent,1,Poor,14.3951050045234
2003,3,Midlands,3,Private rent,1,Poor,13.7642565414297
2002,3,Midlands,3,Private rent,1,Poor,12.9372376272502
2001,3,Midlands,3,Private rent,1,Poor,11.6540269035641
2000,3,Midlands,3,Private rent,1,Poor,10.958967513196
1999,3,Midlands,3,Private rent,1,Poor,12.0152965899669
1998,3,Midlands,3,Private rent,1,Poor,12.657847399601
1997,3,Midlands,3,Private rent,1,Poor,10.6211619366375
1996,3,Midlands,3,Private rent,1,Poor,9.27149198269821
1995,3,Midlands,3,Private rent,1,Poor,9.98622504017892
1994,3,Midlands,3,Private rent,1,Poor,10.4520612811199
2016,3,Midlands,4,Rent free,1,Poor,1.19498376271505
2015,3,Midlands,4,Rent free,1,Poor,1.61584000964963
2014,3,Midlands,4,Rent free,1,Poor,1.92240899815264
2013,3,Midlands,4,Rent free,1,Poor,1.23731074965552
2012,3,Midlands,4,Rent free,1,Poor,.712803479786854
2011,3,Midlands,4,Rent free,1,Poor,.772983519352154
2010,3,Midlands,4,Rent free,1,Poor,.772503473375759
2009,3,Midlands,4,Rent free,1,Poor,.95798572417526
2008,3,Midlands,4,Rent free,1,Poor,.941164867335578
2007,3,Midlands,4,Rent free,1,Poor,.448439775069866
2006,3,Midlands,4,Rent free,1,Poor,.219281409038406
2005,3,Midlands,4,Rent free,1,Poor,.587014112205413
2004,3,Midlands,4,Rent free,1,Poor,1.32871973798353
2003,3,Midlands,4,Rent free,1,Poor,1.45519049490001
2002,3,Midlands,4,Rent free,1,Poor,.964423769054961
2001,3,Midlands,4,Rent free,1,Poor,.763748097315761
2000,3,Midlands,4,Rent free,1,Poor,.540407528423157
1999,3,Midlands,4,Rent free,1,Poor,.383357942032878
1997,3,Midlands,4,Rent free,1,Poor,.402215068990008
1996,3,Midlands,4,Rent free,1,Poor,.348265378518482
1995,3,Midlands,4,Rent free,1,Poor,.603074568710365
1994,3,Midlands,4,Rent free,1,Poor,.868717958667599
2018,4,North/Wales,1,Owner occupier,1,Poor,26.0980349370341
2017,4,North/Wales,1,Owner occupier,1,Poor,26.2144501659832
2016,4,North/Wales,1,Owner occupier,1,Poor,26.3676129760223
2015,4,North/Wales,1,Owner occupier,1,Poor,26.4920065995867
2014,4,North/Wales,1,Owner occupier,1,Poor,26.4890887561851
2013,4,North/Wales,1,Owner occupier,1,Poor,26.7078159576344
2012,4,North/Wales,1,Owner occupier,1,Poor,29.4555518244134
2011,4,North/Wales,1,Owner occupier,1,Poor,32.9571166529002
2010,4,North/Wales,1,Owner occupier,1,Poor,33.5364421251633
2009,4,North/Wales,1,Owner occupier,1,Poor,33.8386919045047
2008,4,North/Wales,1,Owner occupier,1,Poor,35.7151485239548
2007,4,North/Wales,1,Owner occupier,1,Poor,37.0297365624072
2006,4,North/Wales,1,Owner occupier,1,Poor,37.8566920034135
2005,4,North/Wales,1,Owner occupier,1,Poor,37.3403268205563
2004,4,North/Wales,1,Owner occupier,1,Poor,34.6763371693866
2003,4,North/Wales,1,Owner occupier,1,Poor,34.4068561081197
2002,4,North/Wales,1,Owner occupier,1,Poor,35.2214791788085
2001,4,North/Wales,1,Owner occupier,1,Poor,33.9066751059316
2000,4,North/Wales,1,Owner occupier,1,Poor,34.3353449141865
1999,4,North/Wales,1,Owner occupier,1,Poor,36.5764486476514
1998,4,North/Wales,1,Owner occupier,1,Poor,37.4022015638452
1997,4,North/Wales,1,Owner occupier,1,Poor,36.3378651141666
1996,4,North/Wales,1,Owner occupier,1,Poor,35.9945549063339
1995,4,North/Wales,1,Owner occupier,1,Poor,37.0712650742636
1994,4,North/Wales,1,Owner occupier,1,Poor,37.5595666069508
2018,4,North/Wales,2,Social rent,1,Poor,38.3834372448258
2017,4,North/Wales,2,Social rent,1,Poor,38.8598608020534
2016,4,North/Wales,2,Social rent,1,Poor,38.7439456886508
2015,4,North/Wales,2,Social rent,1,Poor,39.0878927403489
2014,4,North/Wales,2,Social rent,1,Poor,39.5620484915231
2013,4,North/Wales,2,Social rent,1,Poor,38.5359208164823
2012,4,North/Wales,2,Social rent,1,Poor,37.5286066290358
2011,4,North/Wales,2,Social rent,1,Poor,37.4090999670385
2010,4,North/Wales,2,Social rent,1,Poor,38.3459122062257
2009,4,North/Wales,2,Social rent,1,Poor,39.1270418735298
2008,4,North/Wales,2,Social rent,1,Poor,40.1965480511165
2007,4,North/Wales,2,Social rent,1,Poor,41.8445816018066
2006,4,North/Wales,2,Social rent,1,Poor,42.4150676475547
2005,4,North/Wales,2,Social rent,1,Poor,44.1444432563423
2004,4,North/Wales,2,Social rent,1,Poor,47.4615804888379
2003,4,North/Wales,2,Social rent,1,Poor,47.8248950881302
2002,4,North/Wales,2,Social rent,1,Poor,47.628268311522
2001,4,North/Wales,2,Social rent,1,Poor,48.9804414289306
2000,4,North/Wales,2,Social rent,1,Poor,48.4893050019501
1999,4,North/Wales,2,Social rent,1,Poor,47.5747829806829
1998,4,North/Wales,2,Social rent,1,Poor,48.1277314090822
1997,4,North/Wales,2,Social rent,1,Poor,49.7728196257242
1996,4,North/Wales,2,Social rent,1,Poor,50.8388435897102
1995,4,North/Wales,2,Social rent,1,Poor,50.5320861803609
1994,4,North/Wales,2,Social rent,1,Poor,50.3285804476172
2018,4,North/Wales,3,Private rent,1,Poor,34.655425773952
2017,4,North/Wales,3,Private rent,1,Poor,34.2808585020477
2016,4,North/Wales,3,Private rent,1,Poor,34.601026183625
2015,4,North/Wales,3,Private rent,1,Poor,34.1470664347119
2014,4,North/Wales,3,Private rent,1,Poor,33.4105264576747
2013,4,North/Wales,3,Private rent,1,Poor,34.0242703884722
2012,4,North/Wales,3,Private rent,1,Poor,32.2474430976131
2011,4,North/Wales,3,Private rent,1,Poor,28.9127718840083
2010,4,North/Wales,3,Private rent,1,Poor,27.4032912172787
2009,4,North/Wales,3,Private rent,1,Poor,26.3885541840099
2008,4,North/Wales,3,Private rent,1,Poor,23.5084723263091
2007,4,North/Wales,3,Private rent,1,Poor,20.4302587693816
2006,4,North/Wales,3,Private rent,1,Poor,19.083962607882
2005,4,North/Wales,3,Private rent,1,Poor,18.0127620504844
2004,4,North/Wales,3,Private rent,1,Poor,17.0533871750473
2003,4,North/Wales,3,Private rent,1,Poor,16.766181874861
2002,4,North/Wales,3,Private rent,1,Poor,16.4821410448162
2001,4,North/Wales,3,Private rent,1,Poor,16.6318548865314
2000,4,North/Wales,3,Private rent,1,Poor,16.7422358699652
1999,4,North/Wales,3,Private rent,1,Poor,15.429613880393
1998,4,North/Wales,3,Private rent,1,Poor,13.8486624209464
1997,4,North/Wales,3,Private rent,1,Poor,13.0799086401203
1996,4,North/Wales,3,Private rent,1,Poor,12.3874972260379
1995,4,North/Wales,3,Private rent,1,Poor,11.8387482450049
1994,4,North/Wales,3,Private rent,1,Poor,11.69298245171
2018,4,North/Wales,4,Rent free,1,Poor,.863102044188092
2017,4,North/Wales,4,Rent free,1,Poor,.64483052991575
2016,4,North/Wales,4,Rent free,1,Poor,.48631373317419
2014,4,North/Wales,4,Rent free,1,Poor,.612471938497273
2013,4,North/Wales,4,Rent free,1,Poor,.731992837411146
2012,4,North/Wales,4,Rent free,1,Poor,.768398448937786
2011,4,North/Wales,4,Rent free,1,Poor,.721011496053029
2010,4,North/Wales,4,Rent free,1,Poor,.714354451332229
2009,4,North/Wales,4,Rent free,1,Poor,.645712037955604
2008,4,North/Wales,4,Rent free,1,Poor,.579831098619639
2007,4,North/Wales,4,Rent free,1,Poor,.69542306640461
2006,4,North/Wales,4,Rent free,1,Poor,.644277741149851
2005,4,North/Wales,4,Rent free,1,Poor,.50246787261705
2004,4,North/Wales,4,Rent free,1,Poor,.808695166728251
2003,4,North/Wales,4,Rent free,1,Poor,1.00206692888918
2002,4,North/Wales,4,Rent free,1,Poor,.668111464853293
2001,4,North/Wales,4,Rent free,1,Poor,.481028578606442
2000,4,North/Wales,4,Rent free,1,Poor,.433114213898287
1999,4,North/Wales,4,Rent free,1,Poor,.419154491272693
1998,4,North/Wales,4,Rent free,1,Poor,.621404606126137
1997,4,North/Wales,4,Rent free,1,Poor,.809406619988925
1996,4,North/Wales,4,Rent free,1,Poor,.779104277918059
1995,4,North/Wales,4,Rent free,1,Poor,.557900500370609
1994,4,North/Wales,4,Rent free,1,Poor,.418870493721951
2018,5,Scotland,1,Owner occupier,1,Poor,28.7009307212082
2017,5,Scotland,1,Owner occupier,1,Poor,27.2295088657164
2016,5,Scotland,1,Owner occupier,1,Poor,23.7846516301161
2015,5,Scotland,1,Owner occupier,1,Poor,23.281699322433
2014,5,Scotland,1,Owner occupier,1,Poor,25.2421843558092
2013,5,Scotland,1,Owner occupier,1,Poor,25.6386670955818
2012,5,Scotland,1,Owner occupier,1,Poor,26.0540489199367
2011,5,Scotland,1,Owner occupier,1,Poor,27.6738848201588
2010,5,Scotland,1,Owner occupier,1,Poor,29.130397389566
2009,5,Scotland,1,Owner occupier,1,Poor,28.720984088767
2008,5,Scotland,1,Owner occupier,1,Poor,28.9209838810213
2007,5,Scotland,1,Owner occupier,1,Poor,30.2695032720204
2006,5,Scotland,1,Owner occupier,1,Poor,31.0711517747759
2005,5,Scotland,1,Owner occupier,1,Poor,30.8592021844768
2004,5,Scotland,1,Owner occupier,1,Poor,26.4727943945911
2003,5,Scotland,1,Owner occupier,1,Poor,23.9174963280973
2002,5,Scotland,1,Owner occupier,1,Poor,27.0528789944259
2001,5,Scotland,1,Owner occupier,1,Poor,28.2602052384377
2000,5,Scotland,1,Owner occupier,1,Poor,26.1808978046605
1999,5,Scotland,1,Owner occupier,1,Poor,23.1899627715986
1998,5,Scotland,1,Owner occupier,1,Poor,21.5985248107362
1997,5,Scotland,1,Owner occupier,1,Poor,21.2864629170445
1996,5,Scotland,1,Owner occupier,1,Poor,22.5340338397581
1995,5,Scotland,1,Owner occupier,1,Poor,25.7346333213616
1994,5,Scotland,1,Owner occupier,1,Poor,27.3383941393858
2018,5,Scotland,2,Social rent,1,Poor,47.7974753565485
2017,5,Scotland,2,Social rent,1,Poor,48.843968918148
2016,5,Scotland,2,Social rent,1,Poor,48.3775165417561
2015,5,Scotland,2,Social rent,1,Poor,45.1500624499961
2014,5,Scotland,2,Social rent,1,Poor,43.7536935535184
2013,5,Scotland,2,Social rent,1,Poor,43.3986831343788
2012,5,Scotland,2,Social rent,1,Poor,43.8220280226918
2011,5,Scotland,2,Social rent,1,Poor,46.5032139152427
2010,5,Scotland,2,Social rent,1,Poor,48.8073348592171
2009,5,Scotland,2,Social rent,1,Poor,51.4983846572816
2008,5,Scotland,2,Social rent,1,Poor,52.8520997150046
2007,5,Scotland,2,Social rent,1,Poor,52.4898609379145
2006,5,Scotland,2,Social rent,1,Poor,53.5559495053683
2005,5,Scotland,2,Social rent,1,Poor,54.5771716294128
2004,5,Scotland,2,Social rent,1,Poor,59.2303485815879
2003,5,Scotland,2,Social rent,1,Poor,64.2573834954618
2002,5,Scotland,2,Social rent,1,Poor,63.2963661067701
2001,5,Scotland,2,Social rent,1,Poor,62.0426218686911
2000,5,Scotland,2,Social rent,1,Poor,64.0217294840794
1999,5,Scotland,2,Social rent,1,Poor,68.1869466571423
1998,5,Scotland,2,Social rent,1,Poor,70.9451354462864
1997,5,Scotland,2,Social rent,1,Poor,71.3271293099429
1996,5,Scotland,2,Social rent,1,Poor,69.1270272784112
1995,5,Scotland,2,Social rent,1,Poor,64.6481669019198
1994,5,Scotland,2,Social rent,1,Poor,62.4712542051335
2018,5,Scotland,3,Private rent,1,Poor,22.0754544761434
2017,5,Scotland,3,Private rent,1,Poor,22.4679084072169
2016,5,Scotland,3,Private rent,1,Poor,26.8624195223194
2015,5,Scotland,3,Private rent,1,Poor,31.1671037153177
2014,5,Scotland,3,Private rent,1,Poor,30.5761899734999
2013,5,Scotland,3,Private rent,1,Poor,29.6077584991257
2012,5,Scotland,3,Private rent,1,Poor,27.9618764814094
2011,5,Scotland,3,Private rent,1,Poor,24.4183824750568
2010,5,Scotland,3,Private rent,1,Poor,21.1202624438314
2009,5,Scotland,3,Private rent,1,Poor,18.546587030673
2008,5,Scotland,3,Private rent,1,Poor,16.625841968876
2007,5,Scotland,3,Private rent,1,Poor,15.180354584167
2006,5,Scotland,3,Private rent,1,Poor,13.7025045208974
2005,5,Scotland,3,Private rent,1,Poor,13.1715146309059
2004,5,Scotland,3,Private rent,1,Poor,12.5499326977649
2003,5,Scotland,3,Private rent,1,Poor,10.3400275405537
2002,5,Scotland,3,Private rent,1,Poor,8.88195994391553
2001,5,Scotland,3,Private rent,1,Poor,9.15966951669493
2000,5,Scotland,3,Private rent,1,Poor,9.0281837585728
1999,5,Scotland,3,Private rent,1,Poor,7.82633876295996
1998,5,Scotland,3,Private rent,1,Poor,6.59708410625704
1997,5,Scotland,3,Private rent,1,Poor,5.98338443903052
1996,5,Scotland,3,Private rent,1,Poor,6.28833007445059
1995,5,Scotland,3,Private rent,1,Poor,7.39921493582094
1994,5,Scotland,3,Private rent,1,Poor,8.07186361531413
2018,5,Scotland,4,Rent free,1,Poor,1.42613944609992
2017,5,Scotland,4,Rent free,1,Poor,1.45861380891869
2016,5,Scotland,4,Rent free,1,Poor,.975412305808517
2015,5,Scotland,4,Rent free,1,Poor,.401134512253126
2014,5,Scotland,4,Rent free,1,Poor,.427932117172406
2013,5,Scotland,4,Rent free,1,Poor,1.3548912709137
2012,5,Scotland,4,Rent free,1,Poor,2.1620465759621
2011,5,Scotland,4,Rent free,1,Poor,1.40451878954166
2010,5,Scotland,4,Rent free,1,Poor,.942005307385414
2009,5,Scotland,4,Rent free,1,Poor,1.23404422327838
2008,5,Scotland,4,Rent free,1,Poor,1.6010744350982
2007,5,Scotland,4,Rent free,1,Poor,2.06028120589809
2006,5,Scotland,4,Rent free,1,Poor,1.67039419895834
2005,5,Scotland,4,Rent free,1,Poor,1.39211155520444
2004,5,Scotland,4,Rent free,1,Poor,1.74692432605607
2003,5,Scotland,4,Rent free,1,Poor,1.48509263588725
2002,5,Scotland,4,Rent free,1,Poor,1.08933238858059
2000,5,Scotland,4,Rent free,1,Poor,.986154895171471
1999,5,Scotland,4,Rent free,1,Poor,.796751808299158
1998,5,Scotland,4,Rent free,1,Poor,.859255636720396
1997,5,Scotland,4,Rent free,1,Poor,1.40302333398213
1996,5,Scotland,4,Rent free,1,Poor,2.05060880738006
1995,5,Scotland,4,Rent free,1,Poor,2.21798484089768
1994,5,Scotland,4,Rent free,1,Poor,2.1184880401666
2018,6,Northern Ireland,1,Owner occupier,1,Poor,33.1029317287268
2017,6,Northern Ireland,1,Owner occupier,1,Poor,31.7957909729204
2016,6,Northern Ireland,1,Owner occupier,1,Poor,32.0990858251174
2015,6,Northern Ireland,1,Owner occupier,1,Poor,35.3642905646468
2014,6,Northern Ireland,1,Owner occupier,1,Poor,37.5110763633753
2013,6,Northern Ireland,1,Owner occupier,1,Poor,38.7530424919293
2012,6,Northern Ireland,1,Owner occupier,1,Poor,39.885791686297
2011,6,Northern Ireland,1,Owner occupier,1,Poor,41.666166507676
2010,6,Northern Ireland,1,Owner occupier,1,Poor,42.9609796682807
2009,6,Northern Ireland,1,Owner occupier,1,Poor,44.627055542643
2008,6,Northern Ireland,1,Owner occupier,1,Poor,48.0358924748444
2007,6,Northern Ireland,1,Owner occupier,1,Poor,48.2189929526856
2006,6,Northern Ireland,1,Owner occupier,1,Poor,48.0217605553669
2005,6,Northern Ireland,1,Owner occupier,1,Poor,51.120202314346
2004,6,Northern Ireland,1,Owner occupier,1,Poor,50.4246633195523
2003,6,Northern Ireland,1,Owner occupier,1,Poor,45.8007982395343
2002,6,Northern Ireland,1,Owner occupier,1,Poor,43.711247658368
2018,6,Northern Ireland,2,Social rent,1,Poor,28.9250926861623
2017,6,Northern Ireland,2,Social rent,1,Poor,29.6597406104791
2016,6,Northern Ireland,2,Social rent,1,Poor,29.0196828032769
2015,6,Northern Ireland,2,Social rent,1,Poor,27.7674442407692
2014,6,Northern Ireland,2,Social rent,1,Poor,26.688385332442
2013,6,Northern Ireland,2,Social rent,1,Poor,25.0809649113046
2012,6,Northern Ireland,2,Social rent,1,Poor,23.5136522492416
2011,6,Northern Ireland,2,Social rent,1,Poor,21.8388476096443
2010,6,Northern Ireland,2,Social rent,1,Poor,25.4058518246529
2009,6,Northern Ireland,2,Social rent,1,Poor,30.2068662935966
2008,6,Northern Ireland,2,Social rent,1,Poor,29.0752652813319
2007,6,Northern Ireland,2,Social rent,1,Poor,28.7136277541649
2006,6,Northern Ireland,2,Social rent,1,Poor,30.4839784934408
2005,6,Northern Ireland,2,Social rent,1,Poor,30.95943536039
2004,6,Northern Ireland,2,Social rent,1,Poor,33.5231048652901
2003,6,Northern Ireland,2,Social rent,1,Poor,36.3481395834819
2002,6,Northern Ireland,2,Social rent,1,Poor,36.8051983421464
2018,6,Northern Ireland,3,Private rent,1,Poor,37.6140039265912
2017,6,Northern Ireland,3,Private rent,1,Poor,38.0364600003847
2016,6,Northern Ireland,3,Private rent,1,Poor,37.8856913955006
2015,6,Northern Ireland,3,Private rent,1,Poor,35.8642530032416
2014,6,Northern Ireland,3,Private rent,1,Poor,35.4630435019895
2013,6,Northern Ireland,3,Private rent,1,Poor,36.1659925967661
2012,6,Northern Ireland,3,Private rent,1,Poor,36.205057923585
2011,6,Northern Ireland,3,Private rent,1,Poor,35.6404692459713
2010,6,Northern Ireland,3,Private rent,1,Poor,31.0409923421146
2009,6,Northern Ireland,3,Private rent,1,Poor,24.6856453881399
2008,6,Northern Ireland,3,Private rent,1,Poor,22.0233384134845
2007,6,Northern Ireland,3,Private rent,1,Poor,22.0062028313475
2006,6,Northern Ireland,3,Private rent,1,Poor,20.6489564067677
2005,6,Northern Ireland,3,Private rent,1,Poor,17.5597975101057
2004,6,Northern Ireland,3,Private rent,1,Poor,15.7613235486658
2003,6,Northern Ireland,3,Private rent,1,Poor,16.7468793227181
2002,6,Northern Ireland,3,Private rent,1,Poor,17.7405888065433
2018,6,Northern Ireland,4,Rent free,1,Poor,1.01601683243166
2016,6,Northern Ireland,4,Rent free,1,Poor,1.17452580536503
2015,6,Northern Ireland,4,Rent free,1,Poor,1.39951033221883
2011,6,Northern Ireland,4,Rent free,1,Poor,1.19201143890156
2010,6,Northern Ireland,4,Rent free,1,Poor,.592176164951818
2009,6,Northern Ireland,4,Rent free,1,Poor,.480432775620504
2008,6,Northern Ireland,4,Rent free,1,Poor,.865503830339226
2007,6,Northern Ireland,4,Rent free,1,Poor,1.06117646180209
2006,6,Northern Ireland,4,Rent free,1,Poor,.903512553121831
2004,6,Northern Ireland,4,Rent free,1,Poor,.593265072952964
2003,6,Northern Ireland,4,Rent free,1,Poor,1.10418285426577
2002,6,Northern Ireland,4,Rent free,1,Poor,1.74296519294232
